dispatch_queue_seconds,on_scene_seconds,turnout_seconds,travel_seconds,total_elapsed_seconds,shift_label,agency,priority
168.60560255428584,2688.0574299165887,84.78025535431222,335.1780091622684,3353.9050242253015,Day,LAW,P1
32.458061508361475,2599.8090705568084,102.82662410641643,298.1808095848513,3001.282528319306,Evening,EMS,P2
20.141688802674313,2473.3828933756477,116.27606042793823,139.09302613775674,2671.2268919345797,Night,FIRE,P3
56.31552882588609,1790.5150946329147,108.05759895916023,110.20001008690878,2087.8894065689224,Day,LAW,P4
123.65257716536156,2425.7000965925454,111.45047462485564,244.87859941766413,2913.8454258352926,Evening,EMS,P1
103.66399823470309,1405.0126957918678,92.47963495886373,267.46760036731524,1862.2351830520076,Night,FIRE,P2
120.42138497520467,1840.8427928281528,51.974494790766116,199.03437728727906,2250.826899388919,Day,LAW,P3
123.2201078521741,2153.769418545563,88.51128154743535,283.4758926431075,2611.339335489823,Evening,EMS,P4
165.4564148706455,2761.2734067060474,95.11189459115622,196.93849570108625,3172.5019280775246,Night,FIRE,P1
28.31156136070303,2751.5707106072223,60.231682328303904,74.38795835890133,2950.130356816027,Day,LAW,P2
177.46288897215936,1401.2817713987324,109.88718548628725,67.89391856634154,1773.2825536600983,Evening,EMS,P3
161.77592887447722,2323.5330129965414,108.29209622153193,330.7511893517489,2932.745978307987,Night,FIRE,P4
91.56761943380776,1655.6775184380565,33.17775427134786,148.67071452566051,2005.2867679090855,Day,LAW,P1
48.18083066475102,2693.9294516076516,70.45089274706132,319.23858396488066,3202.0051787041507,Evening,EMS,P2
44.59285775381075,1844.3889671720658,83.69824508648827,76.46216643243733,2098.6972290469544,Night,FIRE,P3
100.42133298781263,1220.6162803686009,38.54681413902244,243.81747590748094,1613.6650093455771,Day,LAW,P4
153.17263675685342,1617.7164960342457,117.44753584638053,124.55143140791063,1963.7699355470347,Evening,EMS,P1
72.83877288197772,1835.8313126097974,91.3382702255897,179.46022627115318,2211.159466511809,Night,FIRE,P2
48.854980080774034,2172.722153974795,78.1374228328144,306.0061299817149,2595.979594618059,Day,LAW,P3
31.262282589126848,1241.8150927685142,106.94388834660995,300.7216491414372,1682.7628818077042,Evening,EMS,P4
141.28455197878654,1275.5860665517755,30.51682129519354,104.94565716360228,1600.9464738555002,Night,FIRE,P1
175.34879085048124,1431.9157868108473,46.12168299224129,181.11548586465992,1945.309761766684,Day,LAW,P2
150.77322870801103,2125.8308203260867,79.76761134149228,245.1724411435768,2583.3320427601584,Evening,EMS,P3
152.14413756719577,1304.1668481097292,84.04646765487846,104.12289560406825,1606.5176578508094,Night,FIRE,P4
174.13498689105336,1880.1215054276363,97.68731629438734,257.04993237650876,2374.519089176393,Day,LAW,P1
23.517393909104253,2056.7441465448505,47.9170973980184,94.47353846895456,2274.7485557039277,Evening,EMS,P2
90.62249983923104,2264.40914659425,113.71524077374515,201.90616578194457,2617.3949229265427,Night,FIRE,P3
167.41015360414028,2049.7904379945576,64.5151651657112,64.82046801056948,2453.045220488979,Day,LAW,P4
20.19991985968562,1654.6756004641625,109.74357459681886,67.60836012671328,1839.2525859117113,Evening,EMS,P1
69.15766808404734,1904.2161015487754,90.38145576386587,251.59212060153854,2271.0833497817694,Night,FIRE,P2
108.23590216629533,2592.2513529476864,58.26669235324577,140.43056775740166,2934.4206902178203,Day,LAW,P3
47.662952342985186,1832.2988791507291,99.41476451342753,75.31297438994422,2035.067655783462,Evening,EMS,P4
27.982454568365835,2426.8252251944295,108.42014034407086,117.08355487245515,2669.506975299475,Night,FIRE,P1
56.06760739961415,2671.674155941652,66.58161215554156,272.10536779291164,3139.776234667641,Day,LAW,P2
111.2087213027597,1271.7842543021027,84.15786537957796,268.4693745464963,1703.4630304902587,Evening,EMS,P3
179.83390760160748,2510.1015366742276,74.32168791931731,129.99795080763522,2902.8215908307693,Night,FIRE,P4
129.98004445870464,1475.1166228108739,96.18434740043784,67.65476920508084,1839.884524299187,Day,LAW,P1
178.17155681552427,2319.053210865656,114.26277364920031,261.3119211474629,2861.004979584569,Evening,EMS,P2
108.93481080462911,1475.587030553026,90.21285014334794,323.82248720760316,2006.4547072762552,Night,FIRE,P3
102.61239376519639,1578.9976933750636,83.69117713883603,122.16976511107299,1896.0343283731997,Day,LAW,P4
153.21723875500547,2691.6650109315633,35.65803105058419,140.21923531653533,3025.377308691764,Evening,EMS,P1
108.86356708846287,1617.483247870854,35.956110814770135,347.272116453092,2139.634281498038,Night,FIRE,P2
46.609515781686696,2119.4465147572787,70.71059793749342,99.49587451372966,2318.194968587877,Day,LAW,P3
67.57446753637208,2676.1182072500774,30.575631564558027,79.60515242168668,2902.861532404805,Evening,EMS,P4
127.61521138467597,2232.241757622489,81.08896451974364,151.81434365459944,2680.901591696512,Night,FIRE,P1
174.82096621347256,2338.8096038363337,56.399959228524274,103.00849943067877,2682.890010813008,Day,LAW,P2
25.783140101074608,1598.1521619408998,110.51544062898414,239.00013813734253,1979.4870574564575,Evening,EMS,P3
120.81582700733045,2167.417927696963,115.21597792109714,309.8812448744277,2647.9606241353627,Night,FIRE,P4
79.2801079921983,2357.102826643284,46.485757585322325,207.47020472283344,2691.125602611628,Day,LAW,P1
158.67996270601742,2305.658659864115,101.76212366479751,249.43282435620839,2836.877431358779,Evening,EMS,P2
112.10922099558974,1264.7383836297831,95.79161934740031,193.05097192605712,1744.7843911537732,Night,FIRE,P3
30.78206336842487,1351.3785831662988,34.56571669310947,202.14834099904002,1744.0799968194938,Day,LAW,P4
37.59609063630845,2318.1266472659836,101.51845993333177,75.30028943295022,2595.0450737554183,Evening,EMS,P1
152.3863003718788,2203.4829566194003,35.985466742687805,136.5195295871433,2616.2775992882093,Night,FIRE,P2
52.77644648920419,1835.3578497125195,114.51250467602281,109.27073485061038,2089.302789876547,Day,LAW,P3
27.013655520742937,1963.9101207288672,69.39503302153858,151.71998336995088,2177.345597629594,Evening,EMS,P4
49.9016592924196,1524.9107275819697,56.51786845543174,281.10538237149046,1941.840326283173,Night,FIRE,P1
121.55333782810436,1507.3796031914376,47.300966891737616,288.566666311502,2081.7331048763936,Day,LAW,P2
92.65128454747634,2086.43591857316,117.55157229958442,118.39863126552302,2328.851048000428,Evening,EMS,P3
90.65347139972619,2731.0738343692265,76.36467758414153,142.76594003312127,3070.339056632481,Night,FIRE,P4
118.5447158169117,2257.194262387342,69.00989631170884,79.32075452983673,2513.5382922906856,Day,LAW,P1
83.13300641560298,2663.9463250729295,51.461636362271705,204.84750587945302,3029.479731905,Evening,EMS,P2
31.55412991026118,1327.4969367546537,51.279154776302356,251.14550170970594,1721.4559117537653,Night,FIRE,P3
129.99634373711189,1218.8478328777805,75.66912762038044,163.8647890671923,1549.6029073113395,Day,LAW,P4
162.94741644921555,2072.6944171430323,118.44776367497248,94.51417104462735,2506.069216294461,Evening,EMS,P1
46.49928046134858,1973.5117665138214,69.28243675293275,328.6157174482033,2425.0354575218134,Night,FIRE,P2
57.49834355202716,1315.2170582862575,74.6282584082553,216.56711757057465,1704.6374683527201,Day,LAW,P3
164.15341473161686,2625.756512470386,39.65311930704227,248.79115574226324,3120.438454907525,Evening,EMS,P4
23.838665969945364,2182.250891025536,41.102057846486076,133.0753545228559,2482.2242201362797,Night,FIRE,P1
156.1352126288877,1871.9907896610252,40.44849709118249,111.06649871592177,2295.5360237191153,Day,LAW,P2
26.4507844416622,2528.857412864458,81.95863582337176,235.1244824442826,2920.236615039025,Evening,EMS,P3
22.034348581803517,2077.9829518139163,75.88025923884189,272.1339036849989,2433.285455806856,Night,FIRE,P4
56.19529354812736,2784.3984395891007,36.244469413195745,179.30955841226557,3170.8892277216473,Day,LAW,P1
39.52450930942121,1879.1101477387267,51.1763667860905,197.8097255873631,2265.2041802439344,Evening,EMS,P2
88.76959845371472,1858.4119530206087,106.85686125770067,95.97484676007261,2096.4487924017685,Night,FIRE,P3
50.451746537786924,2727.822604515926,51.3529191843912,339.2563066010873,3167.769541606681,Day,LAW,P4
153.6628126101918,2162.155829835222,36.355898673475636,332.3437903330823,2748.6775850587355,Evening,EMS,P1
21.644097135868908,1559.0302013927678,50.3972722254323,351.4361524102732,2022.2243413107833,Night,FIRE,P2
38.80114645942529,1286.4258958270373,64.75397202796239,336.34219224118516,1698.0789573846869,Day,LAW,P3
137.92572284337567,1362.5157790505152,65.1907373387205,314.55984640221453,1974.212081244087,Evening,EMS,P4
105.4752562019445,1374.594774720947,86.60856943465296,349.1960372988024,1975.918997467148,Night,FIRE,P1
39.22228265906321,2079.862710048657,96.16003128572538,269.9479041826215,2550.8702478973346,Day,LAW,P2
66.59979904312064,1541.777252280568,50.21382142547108,241.45021749566155,1955.9394789770438,Evening,EMS,P3
157.8634631962281,2661.7572301395367,110.21776191695236,212.59233128319943,3159.2235118096455,Night,FIRE,P4
36.937730586811355,2564.7259877162032,79.9160527079087,351.18535959947906,3039.1078296011387,Day,LAW,P1
63.22326578513845,1754.6867942851688,71.44310985060748,312.1332158295602,2262.1184616240375,Evening,EMS,P2
164.960232810328,1724.8995679363893,83.04602981617577,112.8160750569792,2085.7940540769378,Night,FIRE,P3
117.35572880030661,2798.656037684581,37.289929272571115,261.7726004923776,3212.775290514118,Day,LAW,P4
107.78996883180552,1435.7426739849545,78.07979706949942,347.48864926193744,1982.7077262434839,Evening,EMS,P1
96.34141784992943,1869.7394390975862,118.71465671551265,65.79071432884744,2065.501796828812,Night,FIRE,P2
85.81061126451982,2055.4518032698516,44.89013212026042,257.6939198402656,2454.3462763914044,Day,LAW,P3
109.06948079602199,1608.1155661805265,48.74599331580761,197.5357581015429,1979.7683780674472,Evening,EMS,P4
45.94340121519313,2459.6459116158594,65.94625427361498,79.73729222577037,2722.4882047891606,Night,FIRE,P1
114.6433011945645,2710.173566256764,110.27018786337065,345.7352212958718,3268.8336243357026,Day,LAW,P2
123.31985901804815,1766.6063798607188,98.26575210574732,114.7022129925522,2062.35067846149,Evening,EMS,P3
43.40468348186768,2228.843845089721,47.899975447165936,323.0608147992058,2722.36060028827,Night,FIRE,P4
170.8596639950486,1608.3690937669398,44.93699732886981,133.27484066333113,1997.5058979420223,Day,LAW,P1
63.861838402204,2688.6070323898957,84.84675951546251,356.4450909433104,3237.448853668638,Evening,EMS,P2
89.35156278369503,2782.293855812858,83.79292838953704,299.93586315539073,3294.2941165527386,Night,FIRE,P3
160.13289735473637,1757.930374207314,116.68656734376356,130.22601938726189,2187.8189790945376,Day,LAW,P4
105.35412462455277,1835.8195931299015,37.560801763802814,351.2751297227157,2442.1911264989594,Evening,EMS,P1
86.77727261403018,2467.4798274372292,81.92908598916422,142.58872648395078,2816.779370495399,Night,FIRE,P2
165.48980690690897,2115.526332326143,60.19812345172896,85.22910645141641,2484.8431969094872,Day,LAW,P3
132.05284619949293,2769.7006200528804,99.56110453095637,127.27588595950174,3168.425332236762,Evening,EMS,P4
38.387605551759634,2323.444760191079,114.99735878880237,73.78210237750056,2559.766795316635,Night,FIRE,P1
124.27846827355872,2378.5746942149713,93.5178919554701,148.3464240080149,2735.1808674670206,Day,LAW,P2
80.20397702876546,2017.7174501130137,110.14739239096376,116.45422917362012,2371.4519686528647,Evening,EMS,P3
85.09603892448537,2250.7331291756027,69.46719690384624,120.56582663944201,2569.42758633923,Night,FIRE,P4
33.95025393841344,1750.8530270344181,74.41922951271724,284.5562879828865,2243.180201242365,Day,LAW,P1
97.73497024057806,2476.2307012290053,43.661674247803724,79.36609468108853,2723.1150184818275,Evening,EMS,P2
88.25261221147582,2328.240859736474,66.49753035759375,283.8779767096303,2803.6413553434036,Night,FIRE,P3
153.39000315986988,2010.9009865237035,37.408680134909304,251.65849188782664,2447.1305922666534,Day,LAW,P4
107.06337670184831,1697.2238324280074,46.3445597363211,211.9361747775802,2099.988869306142,Evening,EMS,P1
136.26528170453662,2477.9624531028003,103.25128147795051,80.6901632182294,2753.656059299642,Night,FIRE,P2
168.48617833813788,2666.8239629385666,114.6139632635395,239.0198856137526,3163.871848299288,Day,LAW,P3
83.10219491894148,2299.087527491423,69.36256213374652,348.1926392951383,2825.39120859194,Evening,EMS,P4
74.13636714370617,1454.2528714540201,69.2147917973613,97.13379589765243,1793.82309191671,Night,FIRE,P1
176.51134925750003,2238.964317643349,90.08084983664872,165.0301515409114,2749.162688987031,Day,LAW,P2
21.605165204840965,1629.7081690900911,44.4371833098415,269.7893608742787,1972.9387032739464,Evening,EMS,P3
177.50762487773727,2350.945384063026,118.63614513276144,72.23451835623511,2690.4624845468047,Night,FIRE,P4
105.17528180083826,1815.7013192268098,44.4795993405627,344.35583493681463,2371.474302729494,Day,LAW,P1
24.875044079407267,2644.158337181151,49.35118828028314,324.4960513465795,3027.940468818904,Evening,EMS,P2
26.171271331897245,2150.721219814553,91.65803612914159,282.5477871180801,2558.111466530006,Night,FIRE,P3
72.23094591587108,1970.3661598216718,118.78157115048502,340.26419236059934,2467.0704364123517,Day,LAW,P4
38.85228244012269,1537.5975030466598,76.69659258641497,264.8314745232246,1974.6856009169428,Evening,EMS,P1
73.09271066288466,1997.1722305937828,108.43794564466721,252.08357153772596,2437.464415402905,Night,FIRE,P2
104.89577644308049,1660.9416056249681,36.581925321564725,316.2072318199887,2119.0973334641617,Day,LAW,P3
80.91562650811258,2713.641480010847,30.399894820327294,84.63922909051475,2928.2799916428517,Evening,EMS,P4
91.32598030658227,1751.7489761110298,39.51358925368873,150.6280138842672,2079.8761214118285,Night,FIRE,P1
171.0533988451546,1338.8934949014129,91.09661733816108,223.92200539734495,1849.2474925180009,Day,LAW,P2
20.772425301265528,2770.8618488804327,46.49399063235055,139.15594220742594,3090.6067340822106,Evening,EMS,P3
53.63163300286785,2218.950457633996,92.02369226915185,237.83457451697004,2591.3988869198374,Night,FIRE,P4
69.74719861590128,2411.594827043349,117.39421649344081,191.8113186311308,2749.0246845049483,Day,LAW,P1
139.35469244103513,1785.7142595493597,50.84789420101378,284.9800524607815,2242.7181714579197,Evening,EMS,P2
155.5967985273616,1884.6632349517117,92.94294486797307,252.17472816490428,2404.4330341556583,Night,FIRE,P3
176.21874994908222,1759.4962317197455,37.65437391231014,73.18753858601785,2089.6235635713806,Day,LAW,P4
47.74759622875946,1365.3852527644292,81.13228710561016,62.88454255095861,1532.0193411376154,Evening,EMS,P1
77.25063139457798,1444.7399769612146,55.058345440507125,157.470399720726,1765.1432134667061,Night,FIRE,P2
130.61470686865658,1812.2481227558133,33.243923705003965,320.91616093895584,2308.313375064438,Day,LAW,P3
172.43105564097036,2692.298099423564,116.5819179722324,290.8709663872612,3293.4967151320366,Evening,EMS,P4
89.86702422888979,2772.8589172476427,90.9837524684977,237.1572385178908,3136.075395762723,Night,FIRE,P1
132.9813525800806,1240.8515020640857,39.60558650838156,200.59626545611823,1624.5496388856873,Day,LAW,P2
56.47384378967836,2739.868815512067,39.865943831898385,168.84451921586697,3122.144749548921,Evening,EMS,P3
59.19705201843652,2530.6728116187633,53.88880189918787,94.08053416241813,2817.8003145081257,Night,FIRE,P4
87.07807749733925,2669.442500627152,79.83718134760106,92.90054180487691,2996.765511578518,Day,LAW,P1
138.0790991524776,2475.5947194409696,94.83553372288418,299.50537220705075,2971.11616167829,Evening,EMS,P2
51.610186849458714,1507.3047570010988,53.077073513690294,255.5440328805558,1994.2716095140838,Night,FIRE,P3
125.03808723149298,1748.3794618245272,44.5747916913279,214.35719134793504,2243.704041056721,Day,LAW,P4
165.91874945385499,2470.3625712361027,95.82955132759011,276.96723438537344,3012.646372142146,Evening,EMS,P1
160.47970414359798,1890.0499412579613,70.34068870831835,239.6178651441091,2330.6489652284263,Night,FIRE,P2
60.695363381477456,1286.1881785222424,34.16990579542061,289.9543470912946,1730.5119538200674,Day,LAW,P3
27.590683071832522,1850.0664022947435,101.25097989892748,135.0278235676179,2081.000809819781,Evening,EMS,P4
99.68688697285779,2621.29345245054,73.20104651763285,294.9900075058682,3136.6538759761297,Night,FIRE,P1
69.35539859253807,2508.620793715053,40.80916542133275,340.2954755513674,3041.9408067366057,Day,LAW,P2
114.08938548589114,2102.3397123144055,59.87744912841639,349.2533580750162,2724.965194048626,Evening,EMS,P3
177.58328301983335,1742.8085718844225,93.93065499678553,180.38758534207932,2157.591647866724,Night,FIRE,P4
128.49925623919597,2793.1591307694375,79.97330606119928,337.82800324947664,3395.6485602562534,Day,LAW,P1
103.34428764884203,2217.1035937222373,93.86462132561488,244.79707548470643,2656.635328761511,Evening,EMS,P2
173.956424747297,1475.3166751703784,70.17269040876184,82.70319431682024,1873.2864154928736,Night,FIRE,P3
58.453392473792945,1331.8150888631264,85.62939343535805,279.3804729222911,1785.470180763079,Day,LAW,P4
33.721496025037695,2088.828990116525,78.5183608714995,76.16275385692789,2348.604589260679,Evening,EMS,P1
59.95604800016988,1584.9981151669454,87.85088805245576,346.0618085005063,2102.0428453636773,Night,FIRE,P2
149.33282160632913,2668.8077077171283,95.40721471658344,330.84884604595896,3200.269013008986,Day,LAW,P3
171.81828012405146,1924.7382765652555,73.18360391586671,168.97900493821376,2308.8998434604364,Evening,EMS,P4
172.32698469118117,2354.645903723075,30.787424952269674,273.6046425377396,2902.8711640003853,Night,FIRE,P1
28.062629670973884,2034.6755990684337,86.49849220831298,308.72894863638567,2468.8716932272814,Day,LAW,P2
150.24523317308612,2235.2257644417587,82.26844574108375,316.85714104727225,2854.678609536887,Evening,EMS,P3
58.01276414871917,1245.5636482859481,53.64310776996221,152.48843302948893,1557.5764875242473,Night,FIRE,P4
62.00518177298147,2717.6302788880284,83.02500667559488,162.1625496427957,3087.273971878418,Day,LAW,P1
32.65506102998516,2429.1038395547193,41.02908446579624,151.36002379830046,2694.8787392091126,Evening,EMS,P2
53.10040629319105,2753.1308285484192,106.62208392284894,253.29165323318662,3207.920097232059,Night,FIRE,P3
169.82588354974436,1415.61574987827,105.14587041131188,131.5015529859445,1768.7194776839783,Day,LAW,P4
144.45477256337068,1751.8166414283478,60.995254135623284,101.02311969173849,2080.119646375762,Evening,EMS,P1
123.70519524111299,1449.577043417779,45.26888657197866,157.4304734000091,1784.0558385607665,Night,FIRE,P2
104.01295439558213,2174.181242079748,47.19692533530738,162.12056645177398,2612.1336616788963,Day,LAW,P3
137.12668714810803,2767.931616996784,90.16392491598954,129.36826448707842,3071.187052868619,Evening,EMS,P4
129.16025878316816,1557.0847423187315,46.41401671985244,198.76715541482412,2062.780405084014,Night,FIRE,P1
150.20513464034516,1411.651609470306,34.07528643601962,138.68302257120422,1737.5120790387168,Day,LAW,P2
89.28984286580837,2718.1828435508846,114.21554416565257,123.41103625852821,2964.703567973405,Evening,EMS,P3
119.05921738246386,2255.133066329863,44.57880130875071,154.2744558446431,2595.244833323445,Night,FIRE,P4
93.595740422223,2689.2460813412995,113.83483793129079,77.2302639099684,2937.963422025889,Day,LAW,P1
98.5356018451448,1864.5318380873348,38.75039467498914,108.90787255983409,2188.3746736610906,Evening,EMS,P2
177.57247725421988,2010.016743630802,52.38294779439517,203.4136893995491,2518.7952204635894,Night,FIRE,P3
53.47636104794072,2304.725334767554,90.59727283514034,307.59800150746184,2732.5060501473417,Day,LAW,P4
20.51825656212804,2014.7705708406995,116.88588809621898,142.17352512569863,2349.7854762320417,Evening,EMS,P1
177.99023111611154,2334.4522486907736,53.23026142028665,221.4523286359665,2773.572914188558,Night,FIRE,P2
71.19892823872792,1251.655116142025,93.90437436078115,257.4286320538005,1759.9342708610327,Day,LAW,P3
105.30170010389865,2449.9559404838856,68.8059448667101,86.96931078198985,2700.0438123558333,Evening,EMS,P4
58.6533504150607,2297.627638421044,62.32055706715692,239.70383798030315,2645.4648478435956,Night,FIRE,P1
76.94862064287423,1413.9251480996543,61.87871753193343,233.6089387371055,1842.6472977008848,Day,LAW,P2
25.900254215608875,1216.806383882662,42.898520082668405,293.4934168818428,1629.4287422740695,Evening,EMS,P3
127.20123444267077,1966.9596791143013,109.41124080816915,280.4322722497377,2432.6639715421347,Night,FIRE,P4
141.48972023663006,1823.778590651938,56.560519711112605,250.21545698214265,2249.379975062835,Day,LAW,P1
104.59741655085465,2465.7239442927694,95.50283855121394,245.71501505059487,2853.0748027294812,Evening,EMS,P2
176.22324904446234,1747.620500856754,74.70885624299879,152.26286971163955,2195.5963815182686,Night,FIRE,P3
110.89852166430776,2630.8169747043266,60.846017527931195,125.34074970902422,2927.9891468379506,Day,LAW,P4
104.44756098836059,2087.6386177050786,90.97440505281008,125.37755051407973,2421.4028740398176,Evening,EMS,P1
38.30227140958793,2222.1354021985658,92.91740258251674,75.62349545330042,2504.331564205033,Night,FIRE,P2
51.72305811051906,1261.7737622856869,86.34210407508242,252.2451697323124,1732.6516344653712,Day,LAW,P3
119.8615733843429,1640.3057626592881,48.15911915725936,97.09422455965355,1951.636509802168,Evening,EMS,P4
154.94033035038387,2689.166301982699,79.87222489460066,136.5782695778211,3037.062262673178,Night,FIRE,P1
95.79955711880531,1899.8889290609143,114.91915231036799,154.8279377029989,2245.684755589082,Day,LAW,P2
86.00493196116025,2391.785383764939,95.00716818625585,202.58665319369828,2856.3353992605257,Evening,EMS,P3
62.443743585429594,1646.9742312661992,114.17220453384529,325.3833457154999,2097.057241542852,Night,FIRE,P4
83.81925369707466,1715.5758046020349,54.140475135509,146.16959761055375,2088.0525941862825,Day,LAW,P1
167.95426716401894,1878.2348271133365,56.63880138320718,280.8049883490022,2360.210329861863,Evening,EMS,P2
165.6832638696271,1445.032429750412,77.71575784350097,183.0770198103383,1961.8125066532841,Night,FIRE,P3
74.87802866213936,1504.587216994707,55.38904401850765,323.7147847185736,2016.4350485129225,Day,LAW,P4
156.32757962516806,2468.8214401305804,63.676318700589675,326.40881209950066,3058.352405093752,Evening,EMS,P1
171.68353664118268,1725.0138359964467,60.07842061240382,75.83157965539694,2120.8843960683816,Night,FIRE,P2
77.00345105933074,2637.8733481930058,89.12272918782548,123.46558580321619,2935.550622908518,Day,LAW,P3
71.2414896314672,2249.551237497774,106.05693202549583,298.46756999764955,2788.244365444837,Evening,EMS,P4
125.10162168059323,2597.0004812069524,42.628074284173124,338.0072077582795,3162.5240462745783,Night,FIRE,P1
30.47589917172793,2189.3283387141337,112.7457073261409,149.3861374570157,2498.396383737918,Day,LAW,P2
126.15511299007055,2435.62404493031,48.092890790531555,116.21006329543913,2762.888055617008,Evening,EMS,P3
154.05404194453777,2495.731995508512,56.61391519193998,173.2878830913221,2903.805127803517,Night,FIRE,P4
84.88637294161093,2711.9403590048873,59.23384536213385,149.85326479941824,3042.907382871667,Day,LAW,P1
98.07141557930531,1633.359207137052,111.23467594030238,319.29484457672066,2219.1043715861615,Evening,EMS,P2
102.94100812255685,1827.725706540693,114.9101125780018,326.9431070412839,2414.3917809949517,Night,FIRE,P3
104.38566711674503,1395.158229606201,111.53942426168322,119.40364105429897,1717.5834281954212,Day,LAW,P4
114.64446124101231,1400.4648518458853,116.43929602543152,129.88443989228307,1797.1094536301282,Evening,EMS,P1
109.21086256382578,2710.6805121133684,39.56282345131558,165.26755558497854,3045.65743510794,Night,FIRE,P2
108.53694378612681,1357.4360363491985,72.03847305225635,241.60981223648258,1886.8271430095642,Day,LAW,P3
119.58820811692485,2167.2942086712337,102.94528464245434,238.75652648897292,2625.1172838663883,Evening,EMS,P4
42.873713870522536,1348.3419960747863,62.98182773273717,72.79009146762039,1546.0349490119388,Night,FIRE,P1
103.55089721154943,2343.828684017178,110.37440469187754,199.70209038896317,2771.3397855770977,Day,LAW,P2
118.49024985656087,2163.8841180074273,96.01144512287753,189.12883016103805,2551.83122161866,Evening,EMS,P3
90.50643130548072,2528.7264133325107,54.19949583874764,206.36478591486627,2888.921244295081,Night,FIRE,P4
83.36271032616338,2597.8944229965664,47.08117900089733,306.90416469949713,3030.238519946429,Day,LAW,P1
176.57978138588925,1575.4939921823961,32.67009733682857,310.4623563693517,2210.0950763973105,Evening,EMS,P2
164.43268712251194,2142.71515503376,40.134852817656636,156.423758812637,2537.004386742276,Night,FIRE,P3
159.68771451596498,2188.274464105574,114.71374670038625,357.24565017373425,2839.0831424421085,Day,LAW,P4
134.16531562671105,2259.995597568485,109.13251449169739,259.0321848969854,2684.345312261881,Evening,EMS,P1
111.75415227241916,1770.3703518045,108.46171376037678,342.53226778533474,2356.1782821057086,Night,FIRE,P2
173.36870511868415,1401.689835426343,97.63238761683131,295.5544707730355,1941.933535173037,Day,LAW,P3
126.62631419162018,1364.341512719299,106.66648553033814,328.24176871540095,1858.5684876074663,Evening,EMS,P4
49.23423207991651,1608.2837403008407,43.99115432557335,270.9042558351464,2080.9218349939233,Night,FIRE,P1
157.56127730214268,2558.715151959992,115.63818600199669,114.54911163192708,2903.695364037718,Day,LAW,P2
99.32252317772127,2575.3186007515587,47.20883582738937,92.25363359236576,2827.6777583720745,Evening,EMS,P3
145.90937167184617,1848.1047542440115,69.19331306426054,213.26534765301804,2290.8770343881356,Night,FIRE,P4
42.41000204242609,1806.9355422594326,81.54736889711134,302.1495753794928,2323.447309492397,Day,LAW,P1
76.36742783562315,1760.8741603144408,94.13230144907844,303.3110402844032,2318.1110155137844,Evening,EMS,P2
60.90117915614055,2378.2169975629604,41.29081195790975,221.45132702842665,2746.1031570873356,Night,FIRE,P3
40.67351473681169,1780.4741015630705,92.23360248706585,73.40030109519789,1953.993706648759,Day,LAW,P4
87.99056292329881,1899.0350217140349,39.00553800510748,309.65591464641216,2390.7990963663424,Evening,EMS,P1
109.34328535267623,1367.6594298652194,58.31236523679786,235.75625332758415,1794.512505000307,Night,FIRE,P2
172.79748583006005,1208.5954514419216,53.92376946607989,105.29599032155751,1542.2384464695276,Day,LAW,P3
161.85162917188097,1465.686078638272,51.708343554022065,84.0237563675401,1789.756884875326,Evening,EMS,P4
89.61776591528448,2720.92411472034,53.24577841217301,232.5466777821309,3157.8795611062974,Night,FIRE,P1
47.20113354851441,1766.5916410652012,105.32230415706526,189.37588546577334,2152.2455644384295,Day,LAW,P2
171.53190052652744,1908.0127143563068,37.80566938676615,91.11404225582754,2286.118749697622,Evening,EMS,P3
168.23249805306043,1330.0309735935002,60.81432951766969,217.2434989655951,1809.6404526452911,Night,FIRE,P4
117.7074417897348,2337.4746347225055,109.38407357747997,293.35443491623226,2892.9010428696147,Day,LAW,P1
37.57016614193526,2607.4129866624526,75.7196902642387,252.57676500132922,2952.765864613476,Evening,EMS,P2
74.53331416678412,1460.3337639672077,74.2641891089225,146.7526370921489,1713.119499858024,Night,FIRE,P3
74.63813708089617,2423.3953054151407,108.52373248885144,86.7898376495229,2762.3855026872197,Day,LAW,P4
25.996692331040464,2657.054487504771,42.38456178222212,359.3859417373267,3073.176554685461,Evening,EMS,P1
28.144176056809627,2094.1832938874677,117.85651786504678,138.03172266493252,2372.801064919566,Night,FIRE,P2
104.92878911279317,1229.1049075081255,94.47009909206658,302.3461909440741,1707.6584356839883,Day,LAW,P3
29.451825964842477,1588.0446931648794,119.30234147555367,327.0960728051738,2003.183691693754,Evening,EMS,P4
106.38015075608395,2579.9431150806195,107.67492930635461,79.13528697466654,2921.7102667125305,Night,FIRE,P1
47.966279929960024,2384.1545511556014,81.66837882693676,131.89674983381207,2716.899128668239,Day,LAW,P2
87.637632853726,1807.3854279123793,47.55284191570604,103.01418260594754,2088.1783486256504,Evening,EMS,P3
49.23399638047286,2334.8328872022175,101.34638483216207,273.4567886103274,2792.316569785413,Night,FIRE,P4
132.27681411919943,1687.3468416731139,32.792937363666425,89.47586101570077,1973.5367455386288,Day,LAW,P1
30.003338782896492,2330.8214687828868,62.568472253821916,67.22995305815448,2546.7881266668624,Evening,EMS,P2
170.22106659403408,2094.370938865139,103.3049718723429,329.3195867892519,2743.589695007867,Night,FIRE,P3
73.69884943963575,1670.8604545122819,104.03389563601037,267.64714625947045,2192.0891266055723,Day,LAW,P4
135.13985785652767,1783.4590763700714,102.65746633412006,176.99317798483958,2242.212547303811,Evening,EMS,P1
92.7209930444465,1799.4713989464353,82.28754971154726,164.43085551253648,2119.1590602345327,Night,FIRE,P2
173.15322224709863,2693.802005509662,96.91381831573099,67.07951562582707,2966.5744883691614,Day,LAW,P3
179.9255381328972,2764.7359947254217,52.051459943177775,223.39179330237397,3306.0240651363897,Evening,EMS,P4
63.97027487837075,2764.540754464475,66.98636656161004,137.0651639239963,3102.6612929199264,Night,FIRE,P1
131.26110096472377,1856.008815764059,99.7480960907449,323.08021149441754,2343.3917389555563,Day,LAW,P2
70.74993999922276,1923.8915319337073,88.6356498985765,237.6174633189284,2381.673454541483,Evening,EMS,P3
144.3682912316724,1309.6819109616854,46.04610140993864,110.78570057977811,1603.794923141475,Night,FIRE,P4
82.99408489897453,1899.953639043595,88.40706519267192,61.54966006679941,2207.2236177726118,Day,LAW,P1
140.6014294669884,1417.1241714453956,61.35903720453277,249.37017724361053,1858.1361306825315,Evening,EMS,P2
66.26600676302309,1369.3479552281237,110.22539322200178,101.44417820102225,1609.5193531134848,Night,FIRE,P3
135.95319572089397,2102.6385794586404,58.0080473060722,103.29355276496344,2388.687824121649,Day,LAW,P4
105.74829318488334,1355.6033868945267,41.74095363086336,234.78454325653075,1743.8616722699312,Evening,EMS,P1
78.02959322744906,2255.144613291348,86.22458482347054,168.54717274206388,2562.690816119511,Night,FIRE,P2
112.91270410302653,1689.0373309199708,32.66514730702852,164.21315580555168,2093.574842707211,Day,LAW,P3
79.55765410781234,2713.3189162752087,39.624983035344826,103.90241052964306,3064.375846386048,Evening,EMS,P4
118.18643104139662,2069.283407201647,34.091400621229646,169.42437538314286,2497.4355128618345,Night,FIRE,P1
51.469203618656444,2424.5393795409377,87.1869363366347,279.5099365258867,2888.6452304023555,Day,LAW,P2
74.81472263738758,1328.9044862079572,71.36015097474694,359.08991288782244,1864.9802933616047,Evening,EMS,P3
24.598021134283126,2418.679463011547,62.8489168016639,109.11464358363433,2689.9326940675455,Night,FIRE,P4
75.30013842623049,1505.492700358657,34.930356771614385,196.48044914089562,1907.3287636344685,Day,LAW,P1
161.99708520695705,2298.783309991018,31.232265172446354,100.05779536188837,2724.956432443015,Evening,EMS,P2
152.27430950363132,1399.4001974674798,119.99702731647365,309.6869279308941,1919.344796886349,Night,FIRE,P3
118.44053545963925,1493.9303330480618,81.22147455382725,303.4526240221568,2068.301630928251,Day,LAW,P4
159.19734810336362,2014.7548697099442,49.14718102021959,101.1813812681072,2361.8229882922515,Evening,EMS,P1
63.85883820605042,2479.1220104885915,45.704937273788666,188.12869194300276,2850.104604084022,Night,FIRE,P2
65.77447241655918,2374.3012158760707,49.41909538974973,346.9085664860775,2924.0411981543857,Day,LAW,P3
102.65639459312996,1573.8695091137981,100.94147930117968,149.8644826098407,1982.5870731902835,Evening,EMS,P4
166.89245939986537,2658.926282937557,73.57867244532783,67.02385298262244,2998.96374251593,Night,FIRE,P1
39.47200670812843,1778.1759543689168,93.5347511120973,158.2358639954685,2020.1458446320216,Day,LAW,P2
34.69531796330346,2120.7358122572664,57.60171595680798,121.42468393538195,2454.6485341985417,Evening,EMS,P3
68.70808036360792,1236.9283122114075,81.58658001292508,131.91548593630722,1554.036730776076,Night,FIRE,P4
46.53951669682187,2542.692368326518,79.06061945948998,211.05497313642618,2892.549488751807,Day,LAW,P1
62.030563302559536,1252.0342627655511,111.39238898899048,201.5727032002449,1592.4870058813317,Evening,EMS,P2
139.6274792550264,2629.508040255302,111.95230182796556,302.69717320714796,3179.4541627796834,Night,FIRE,P3
126.24896858890634,2117.8218007172027,117.59651304845376,116.03209679168134,2407.2391202302597,Day,LAW,P4
82.2471352991802,2439.2573249544685,39.067626602261555,131.31934944072265,2695.9471740136783,Evening,EMS,P1
77.23223253918897,1973.9215165213957,98.87013147359713,156.12778597086748,2271.6278633381007,Night,FIRE,P2
102.16037629877574,1623.6396950640776,111.79461393742359,168.76059067133747,2059.630190884027,Day,LAW,P3
21.891881782480567,2667.3927023467613,80.5006174917192,337.1892736742438,3151.630530739449,Evening,EMS,P4
105.22749413899761,1546.471407179337,69.06274893626514,272.3965258002711,2028.29498284449,Night,FIRE,P1
178.64820488260062,2523.318589241492,51.743816267388496,257.8312295303185,3121.1292637929123,Day,LAW,P2
102.0842137128461,2773.339317894596,112.24404400212646,238.07754483522103,3207.5782369256804,Evening,EMS,P3
58.57720384549003,1442.5232670262965,61.54121922451963,344.2675782623169,1879.4386481358538,Night,FIRE,P4
70.3050294996448,2092.7202153471944,43.43468535796865,102.1345622922544,2365.0872652865683,Day,LAW,P1
27.31392240903168,1809.672780092816,118.28483441319891,252.91669077304172,2120.608942994961,Evening,EMS,P2
115.63173468510902,1501.1154237684243,102.36005930379176,164.057363931466,1920.3169456246774,Night,FIRE,P3
159.37667787147777,2170.39809217203,113.64851068372033,294.5231008719829,2663.0314441723776,Day,LAW,P4
57.8847981044801,1266.3334038745556,111.80901160946264,159.61920120403215,1555.338406175618,Evening,EMS,P1
61.01783092219627,1726.0777600462088,65.53681691130258,254.13219678644217,2128.5039181892776,Night,FIRE,P2
59.04833978325976,2624.981311291537,37.52298984079839,137.43916326614527,2937.5936320303995,Day,LAW,P3
131.1883666513055,2252.587212509703,73.71872598685769,349.81441660940396,2890.6006439159046,Evening,EMS,P4
130.42911410670146,1741.7134107253983,34.51540277751545,208.496210191849,2177.0706236240567,Night,FIRE,P1
136.81054257469836,1795.156139153385,43.907309592068756,262.33877765666136,2261.2074337252675,Day,LAW,P2
87.86687574213785,1481.581844230518,86.45408068413161,248.30094836267597,1939.811915058616,Evening,EMS,P3
111.2537757143912,1227.381658153019,101.33654104113666,83.81854068934967,1464.9073184025608,Night,FIRE,P4
101.93551722787439,2016.0041603797363,88.30341116090484,216.26427949908108,2511.816611126664,Day,LAW,P1
161.42477236231252,1273.9373785596176,112.78539523152624,78.74130773589665,1611.4730365021226,Evening,EMS,P2
37.97780381111441,2097.1551825769548,46.705537560348695,203.29648652525537,2516.819329511023,Night,FIRE,P3
159.01325765749658,2080.016071588885,88.7573819699495,118.30848320121851,2390.6589611624895,Day,LAW,P4
38.91589527139308,1296.7844875166609,47.18381351321523,254.2581647685246,1682.7005410708703,Evening,EMS,P1
156.2890699223997,1322.4069282853475,41.19798085434934,220.29050025277934,1852.0901929524712,Night,FIRE,P2
40.17286306935624,1229.6051521985003,50.666332393994814,327.2780975740985,1746.3445903672316,Day,LAW,P3
49.96257469282237,2423.0734070851795,40.487301083969186,194.2027294913368,2707.1829716867232,Evening,EMS,P4
128.30035538169096,2735.4546025718064,104.51359039936268,113.12074479741182,3098.992957528343,Night,FIRE,P1
53.45885848291316,2607.8529402378476,64.68128927289214,342.1708577357217,3085.002181486545,Day,LAW,P2
140.15127102243392,1844.1394049147875,55.878378376431264,261.46293024482065,2324.0547292557485,Evening,EMS,P3
64.13930167447444,1677.6038141160725,56.29897702533475,329.7286171853016,2196.207024217386,Night,FIRE,P4
108.0761167284742,2312.617172817343,30.17768932093984,221.4342249949921,2815.451328229595,Day,LAW,P1
25.686028551370015,1213.4412056935369,59.18559055430006,354.94176389711737,1697.1238716791113,Evening,EMS,P2
61.90717768059834,2559.148096813689,47.90141183912012,157.2142672477331,2842.465831112272,Night,FIRE,P3
34.478742069919036,1576.6456070000315,52.08937301770449,220.02302492409964,1964.7957981492027,Day,LAW,P4
65.47659010318625,2279.0493046021247,119.07450822809017,107.77304101104939,2631.533293212772,Evening,EMS,P1
165.2604524490565,2444.0472966528796,96.605744877488,293.2377263900886,3005.51550391631,Night,FIRE,P2
32.44256659049221,1825.2233541858468,40.24030518632486,86.56460568629888,2034.565571361511,Day,LAW,P3
143.3131003306178,2475.9419189399878,103.60375916184299,135.9547245313017,2907.776453363374,Evening,EMS,P4
137.3620712757366,1490.9679047115746,49.233457040259914,273.7427229638055,2059.9364483381473,Night,FIRE,P1
152.67918740037175,1255.7230395292388,77.70016331386412,181.653970594932,1758.3419438530577,Day,LAW,P2
169.76175409133035,2688.3597628627294,92.86398366550605,240.30076824844392,3166.7968682640253,Evening,EMS,P3
137.4731657322362,1516.0484475780477,117.77815356058419,319.7068314791258,2015.3904270440548,Night,FIRE,P4
136.67538772672415,1564.6768468519685,84.5295578555104,353.19936137208964,2126.744542519779,Day,LAW,P1
67.38034252943775,2755.912580366654,87.98176176347408,359.50502003485093,3256.0810682127703,Evening,EMS,P2
70.37940358707604,1215.270031332946,117.6773935503247,243.6843825624303,1708.442868831608,Night,FIRE,P3
114.8700034182983,1675.4058082000215,87.24104976614329,269.71690148017154,2104.7855503427595,Day,LAW,P4
34.97922743211709,1421.3212617199943,46.85401901914541,191.5877754537777,1775.919204585686,Evening,EMS,P1
95.46020886762778,1929.2476095709835,107.40885764140135,210.4560989318686,2286.545478212737,Night,FIRE,P2
156.6914037310896,2026.5781563102087,84.03162107567451,231.84586254995378,2477.5838409873663,Day,LAW,P3
28.30564820634558,2215.8844721305,71.14658845989774,263.0447240141033,2615.96898723613,Evening,EMS,P4
111.10425487601758,1528.2997475562404,61.18927103130832,151.0735766190549,1875.5885283983869,Night,FIRE,P1
45.94449709723385,1945.429197300786,59.42438394269659,312.13297103567345,2424.0679549745555,Day,LAW,P2
109.57921315254497,1909.9456050244632,115.05680254595919,195.38201348433412,2335.390163061909,Evening,EMS,P3
117.34054434965374,2438.7097794518763,35.300824201719486,105.01840654761756,2742.0068970089874,Night,FIRE,P4
157.17303497052885,1752.459807353604,43.09488186989585,112.05537937417773,2123.8025676631487,Day,LAW,P1
92.1080321872366,1900.7298404282874,40.55205741097716,158.62670426982254,2195.4749921325683,Evening,EMS,P2
26.610448672850627,2217.0845279826785,115.0953793963837,294.99321284272196,2715.9718177917293,Night,FIRE,P3
36.04868384400183,2222.5621965984387,86.79147917980677,172.99390003621204,2564.59595640362,Day,LAW,P4
50.04905636604667,2094.3369758087056,48.44353219098433,143.86341921933467,2328.766703221721,Evening,EMS,P1
32.96288961607769,1888.8563998289642,43.83050611452832,282.254658263236,2320.222114289799,Night,FIRE,P2
109.34113663842018,2055.886635370797,117.30918931649218,64.54644294139294,2395.519255445279,Day,LAW,P3
171.26789771302003,2413.0705785852674,65.69576505619773,128.20972803131286,2892.0473429093176,Evening,EMS,P4
63.726588140471485,1770.9239476000557,41.10159203652189,130.68092692176685,2013.1365845872306,Night,FIRE,P1
116.2708461604425,2515.451153618552,46.656841638696235,163.82823716493647,2860.0220028620947,Day,LAW,P2
99.50382210299422,1736.0916963613636,61.78471409366854,273.3708601614363,2265.413715039585,Evening,EMS,P3
141.93655680028294,2443.7504306397404,36.9163589620376,68.46839348057199,2755.42213337033,Night,FIRE,P4
26.952806910920536,2005.1034646196215,40.57708154614564,242.62602004927734,2363.0691642813244,Day,LAW,P1
83.01941457990674,1266.4582136183121,106.47616128010905,132.7027795938307,1641.9616565854963,Evening,EMS,P2
53.91845924320596,2141.8418960243716,38.38841061697459,160.46157918521578,2419.1553373771267,Night,FIRE,P3
135.2271507378989,2220.9572453727083,108.0053738917119,285.80366103659634,2762.241913380846,Day,LAW,P4
39.575161901559184,2464.4327807846958,118.53365221248683,82.44882159972175,2663.8347521729,Evening,EMS,P1
79.45061471323437,2197.9910071384024,106.34211462432982,97.71497030181138,2487.220696404761,Night,FIRE,P2
125.15474304266422,1867.3727817172698,117.84350690877096,133.4032635848792,2272.6622505043065,Day,LAW,P3
25.093568768109087,1636.3633126581676,87.11120738068539,348.7426932010681,2138.0328975714197,Evening,EMS,P4
38.021854646071375,2729.5539618535176,99.95568378704738,125.75491801605239,3001.9069553578724,Night,FIRE,P1
134.69172968376614,1612.8317622557054,95.34579414430038,135.25643169339565,2045.8764681318985,Day,LAW,P2
131.44007544507625,2705.7847897485003,92.56599032662314,208.57564588940295,3141.1921361537975,Evening,EMS,P3
148.95222813323005,2064.3612154406205,74.91086574271509,103.43692685780903,2429.6537034125395,Night,FIRE,P4
163.4335565078128,1960.3000197630668,98.67496921920501,126.66234918849707,2416.566245758954,Day,LAW,P1
21.614964527135935,2530.2510080300926,57.40113041740029,228.16990033213258,2929.5225330119383,Evening,EMS,P2
67.05789641154419,2414.706535112028,77.29863353860922,244.8089668463776,2808.994647129583,Night,FIRE,P3
147.48337025162226,1726.4818413762846,63.4246945076546,176.84510329322893,2195.431850683747,Day,LAW,P4
128.04017431806824,1773.0092214231618,66.180209809166,242.86500727983014,2301.6020709148547,Evening,EMS,P1
47.8152221550713,2795.0040107324103,71.52927115321219,291.55886347884723,3290.8839171392583,Night,FIRE,P2
60.64989830845288,2572.6094910812085,71.63475397099461,173.3988266033855,2880.4062185390862,Day,LAW,P3
138.32922590413492,1705.7447194613028,102.72324555825388,278.2781286545896,2156.0474696919623,Evening,EMS,P4
41.65966115141454,2171.787138050514,76.97952700044011,67.8899303572205,2401.268188702289,Night,FIRE,P1
166.5046851245615,2543.5598837329585,69.23296434671495,178.848306861486,3015.0042104811546,Day,LAW,P2
94.15987986904182,1598.7529714623086,50.37758848774273,86.12385972115896,1867.9855639627508,Evening,EMS,P3
124.86800746391096,1517.9260488956127,50.86191155004,65.6230633558469,1854.9469986964891,Night,FIRE,P4
168.03536473371202,2403.350892096595,87.14855921841075,110.54674281794016,2714.6276107495287,Day,LAW,P1
155.35730275053868,2035.8774587106063,50.20356236944203,70.92971532135984,2369.140826409732,Evening,EMS,P2
126.7788984921625,2607.637004938977,45.42752050148617,153.84704556220436,2919.061622363223,Night,FIRE,P3
39.679945440074235,1233.0858340384898,72.38489787973603,161.1432155958991,1554.848484058249,Day,LAW,P4
160.11519369416774,2623.2586490162366,43.58679369873422,345.30652354492514,3166.9795064733644,Evening,EMS,P1
31.994474325025365,2025.7680815138688,92.75735128237125,344.05500575372474,2534.6660190935963,Night,FIRE,P2
174.8856771709433,2473.3684648198077,56.551475406796364,175.58542472414592,2895.4265989279356,Day,LAW,P3
74.00702186196195,2644.46942966913,82.8885435643611,164.72028317960945,2929.512286667879,Evening,EMS,P4
23.63490067793699,2224.995981957453,92.02619409777986,299.75557534668656,2578.9150865065976,Night,FIRE,P1
138.86783639095373,1988.2737055273353,98.02530233411613,76.45084639317717,2279.5054875422743,Day,LAW,P2
113.15507364323358,1996.0835878715884,79.5954549017296,145.9695711507136,2364.603112548608,Evening,EMS,P3
76.81765187490686,2619.400840176386,98.99693577722105,227.78703814438137,3100.5375375351787,Night,FIRE,P4
152.13353474851,2333.7334737580504,117.10608920822737,236.9988727647902,2800.606703694866,Day,LAW,P1
95.42140016323113,1806.6511356973458,100.72989402242483,314.297627816939,2392.4315210639666,Evening,EMS,P2
107.86344770641662,2197.443225283782,42.107160447224636,220.98930875967258,2669.982756345029,Night,FIRE,P3
149.32575425416272,1763.589752684135,95.33707738802696,124.56682212405278,2161.4680461434828,Day,LAW,P4
108.31698874433454,1340.4132549590493,93.41910120456343,201.3267396610179,1811.4820185230683,Evening,EMS,P1
97.68594293745946,2495.1270235866627,98.91938761479285,306.0310455950472,2991.3723827669282,Night,FIRE,P2
25.503949623202118,2465.3613126760674,53.01201059791465,348.0715702259859,2883.9500768592306,Day,LAW,P3
151.53095552928409,2038.68855532603,43.37783168450602,142.43631384230986,2474.1740572707977,Evening,EMS,P4
112.04594413451007,1785.0766154849503,88.02190542200806,338.475521394148,2316.823865992852,Night,FIRE,P1
108.42857280841473,2677.9745540740955,43.12026257956501,276.590246066229,3213.4804931787303,Day,LAW,P2
28.15875519002669,1321.2295656267622,32.72003476967046,178.59825655662863,1590.5550591814435,Evening,EMS,P3
52.27491996897048,2172.1691661348937,79.87893659255646,132.516503898088,2464.2501417568187,Night,FIRE,P4
32.2681212887866,2497.2628149287925,98.68131169389525,189.0220503096857,2865.7171845614016,Day,LAW,P1
59.681439847361965,1278.8714800118064,55.277434966075205,200.68556799368065,1633.6463656766123,Evening,EMS,P2
138.9194924576974,1618.6107604165272,100.15716486705345,280.2091550498933,2081.173721464267,Night,FIRE,P3
139.0411868826641,2312.5053096173006,66.83920124945789,186.6996953469333,2727.7230907806847,Day,LAW,P4
131.80820824089517,1261.2867777602673,91.2154106263505,316.0921631016509,1884.908904405845,Evening,EMS,P1
169.28048289407184,1456.482172692311,45.54743699811107,142.36598439725338,1943.0904430444493,Night,FIRE,P2
21.402939065720066,2273.2027502346345,35.95863126592442,179.423239113867,2608.810544850392,Day,LAW,P3
140.70178981128845,1673.2128697521941,73.24487727210732,143.88426298512573,2137.0812323931714,Evening,EMS,P4
23.775378375326156,1221.2522831338708,43.201905110714186,207.36033590484504,1528.500817586347,Night,FIRE,P1
153.51990297340703,2170.341411827841,62.5840804844806,104.22173117356621,2568.3034398240475,Day,LAW,P2
35.96425431211984,1342.3425780831597,101.7178189541925,257.23613978397316,1783.4142752731682,Evening,EMS,P3
40.58873931656581,2400.926289395162,59.79126751910214,282.79197612355676,2782.979894169233,Night,FIRE,P4
32.145264775904394,2391.889177556194,45.83446971568716,178.65789365631355,2662.8596050134665,Day,LAW,P1
135.93007457373753,1917.0547471236605,55.185852618281174,212.02978441778433,2398.389527012891,Evening,EMS,P2
101.2488102772642,1404.0637046179759,117.64666763919153,112.69208659124683,1679.571272023725,Night,FIRE,P3
75.18243824795573,1310.9465088251843,70.37271213950716,129.44303195945952,1658.3445607752665,Day,LAW,P4
143.65567603140448,1265.4452638517614,65.8780987516889,229.98600637492294,1767.0320392590165,Evening,EMS,P1
130.9288751410235,1511.997975497179,119.26289656293272,305.4656341477935,2039.243579292553,Night,FIRE,P2
158.2811477216328,2324.186221659358,111.03031605982189,102.80215320573456,2751.658169612437,Day,LAW,P3
75.58222929215054,2687.7344532278903,113.0276304190689,349.4054423130981,3160.501856633825,Evening,EMS,P4
142.59401022994237,2093.200043973523,76.54096112777137,298.45058679495867,2616.384365064692,Night,FIRE,P1
32.05989497690163,2166.181655504415,94.10696056833287,62.488856381960744,2324.5121675951277,Day,LAW,P2
137.42323662597641,2391.1224589101166,84.32255067555518,353.5326470679492,3024.279266522918,Evening,EMS,P3
111.77960747180846,1652.848055609777,112.82520483375785,295.7812855716107,2212.1956895862404,Night,FIRE,P4
169.96511142140858,1679.4980868731614,55.416526148593746,149.25215446638697,2040.9600892413166,Day,LAW,P1
165.88258839675393,2481.847566875157,114.60602789177015,137.32692203760507,2858.1232010295334,Evening,EMS,P2
160.6718575164958,2295.9946373556513,59.497858859047284,352.00404390722457,2986.029411397293,Night,FIRE,P3
159.33037117262379,1975.7779631330059,107.72948040348537,175.9915349658546,2466.2044313008782,Day,LAW,P4
82.65655224513229,2665.253468104075,60.03225872181957,64.15412460006546,2965.395948523007,Evening,EMS,P1
126.01021534524831,1921.207041256628,86.71655247739265,277.6713379204499,2456.0754851767533,Night,FIRE,P2
173.30665979676706,1997.9236704942277,85.88679483014491,134.65280467025153,2376.915613837618,Day,LAW,P3
60.60733306744011,2238.4391065895925,89.66358260026044,343.35414489231863,2767.3795617145433,Evening,EMS,P4
105.04499059869511,1971.4812808292202,42.203982329629014,317.9445555185242,2554.335031875293,Night,FIRE,P1
172.6603453626438,1726.6408247305797,89.74617751249963,63.53186764935925,2039.5192294510193,Day,LAW,P2
128.3188248891883,2439.835193364004,112.22993072354384,253.88878477279644,2858.414011548701,Evening,EMS,P3
114.82760235323175,1323.505026731986,45.95170097416454,297.0018525430048,1814.0504299638403,Night,FIRE,P4
65.15150878776149,1472.4100890076138,62.328397183021856,157.00791361413678,1807.4675940272537,Day,LAW,P1
30.044110867238032,1310.075221911514,92.7614314210569,72.36776102019986,1558.924756837583,Evening,EMS,P2
47.66346779853026,2323.6761391141795,67.8946529758108,285.6407455256402,2792.5497945504617,Night,FIRE,P3
54.81061589101669,2722.280261363511,73.68372825813654,128.50273115658302,2976.7265859009703,Day,LAW,P4
40.69447721739302,1298.196714711214,113.12598232259722,342.60501205444336,1817.1878748449758,Evening,EMS,P1
126.5218554130759,1675.5062841988797,89.96661244076019,233.20102949130717,2167.837473675746,Night,FIRE,P2
111.75951588247696,1424.7688562142896,68.37560686025745,278.97728899181675,1874.78998786073,Day,LAW,P3
108.79309215549107,1612.07130252635,85.05014772763265,186.49847671675897,2016.475000685085,Evening,EMS,P4
179.46774585539697,2528.425352198402,96.9470073665666,228.02752968356128,3034.8426640309594,Night,FIRE,P1
148.02114480868315,1777.4423962919361,102.83778659194758,276.1946899535112,2306.2395396445386,Day,LAW,P2
163.10558632560515,1448.4331174274587,47.43017048956024,313.029219766533,1979.4789613585015,Evening,EMS,P3
39.917306735131326,2269.1602383613517,35.13089618229081,104.40272588990439,2457.3721755290658,Night,FIRE,P4
127.28857434269304,1730.130181643229,34.66602723428065,215.2654797120885,2191.2883060034706,Day,LAW,P1
75.12068124844183,2491.9115762643587,72.76959420190215,217.57142767986676,2854.3885036547513,Evening,EMS,P2
159.7763760726443,2038.0311581320639,113.26040473132709,340.42086650196916,2701.6835634494164,Night,FIRE,P3
138.0731635069726,1562.8140698333102,110.9327477085014,285.3026536241525,2068.35619650805,Day,LAW,P4
87.20587932334608,1525.353483544788,73.65702016970175,286.2755791065821,1999.942981671309,Evening,EMS,P1
124.59222464647388,1472.6194050193437,44.17221756220738,205.6821037964586,1878.5376615599919,Night,FIRE,P2
92.56041115822006,1215.7787161352642,71.14047871678574,172.38216272761667,1566.9070468578598,Day,LAW,P3
86.46340744951604,2473.604175711777,36.86251187784954,240.76154512834418,2882.3507123435434,Evening,EMS,P4
97.89529504376482,2091.2327497298306,106.2208731334752,73.66526359985001,2435.556615580124,Night,FIRE,P1
128.70867385346028,1559.0087749887025,98.02099065388306,87.30306757185541,1847.5873454149853,Day,LAW,P2
38.44559229468337,1587.3891980877524,63.92201043306128,119.31698516248987,1865.5429765426895,Evening,EMS,P3
101.6371334203243,2439.305562945913,66.6051183435143,74.86290373297166,2690.429572115228,Night,FIRE,P4
157.4406161492048,2441.5125474353185,39.04667096717728,174.27696395604073,2871.7241329000335,Day,LAW,P1
91.16170478789043,1402.8018411699618,34.04579451894424,303.3112715884124,1923.5034976790905,Evening,EMS,P2
54.981455644401585,2093.364415937999,93.19725762485373,308.15139185854684,2558.5241903080187,Night,FIRE,P3
77.2118708914691,1607.6249943539563,98.55501633534321,134.96506153856896,1908.9402655854897,Day,LAW,P4
97.50016633810108,1561.3668134376096,37.259770095770385,239.72869273066735,2012.0371703868054,Evening,EMS,P1
126.7880062286175,2056.052713387273,43.427720532931886,344.07724779014006,2687.5505343655946,Night,FIRE,P2
49.83716332264814,2289.6325876668966,84.9316634914903,232.7945973193961,2653.0019942147733,Day,LAW,P3
49.784958249946165,1734.852784650043,114.24537627706512,109.3490908134028,2021.3593892199763,Evening,EMS,P4
59.648039656375595,2458.1249218396533,30.434308703544247,315.88508603228775,3000.2514012906186,Night,FIRE,P1
34.821799830368576,1333.6615938341906,109.95026392886142,229.82477137153128,1727.8893127812469,Day,LAW,P2
23.335358263329514,1970.234061355231,53.92327544489048,247.11356112950074,2370.229814437265,Evening,EMS,P3
23.504705001614834,1751.915578448615,65.16389893826442,343.01072697488394,2236.1545717924355,Night,FIRE,P4
166.01635392424075,2076.466933573099,63.56424261444172,90.69404813823955,2492.945361750903,Day,LAW,P1
138.4923484386827,1900.9929891346596,95.05946898861554,203.3157722725012,2324.557421823626,Evening,EMS,P2
87.07156360740855,2681.1709511835625,75.22074251076486,237.10182062392713,3130.935506559197,Night,FIRE,P3
154.24318399102145,2311.6557358562504,77.01415703722924,106.32129257587295,2681.945842447596,Day,LAW,P4
29.68319800931199,2113.3471162484743,98.24335650695093,189.59097483112677,2371.9111353210524,Evening,EMS,P1
88.57763372300057,2308.7707782499037,31.69987922143557,89.02491959641256,2644.1842601438566,Night,FIRE,P2
171.4981793947932,1545.132140882315,91.49075518781106,142.44786949992232,1988.1325992200943,Day,LAW,P3
61.2516991982896,1814.705723174266,67.15804149257531,344.0723449279658,2316.170498654855,Evening,EMS,P4
